1,facebook.com
2,twitter.com
3,google.com
4,youtube.com
5,instagram.com
6,linkedin.com
7,wordpress.org
8,pinterest.com
9,wikipedia.org
10,wordpress.com
11,blogspot.com
12,apple.com
13,adobe.com
14,tumblr.com
15,youtu.be
16,amazon.com
17,goo.gl
18,vimeo.com
19,flickr.com
20,microsoft.com
21,yahoo.com
22,godaddy.com
23,qq.com
24,bit.ly
25,vk.com
26,reddit.com
27,w3.org
28,baidu.com
29,nytimes.com
30,t.co
31,europa.eu
32,buydomains.com
33,wp.com
34,statcounter.com
35,miitbeian.gov.cn
36,jimdo.com
37,blogger.com
38,github.com
39,weebly.com
40,soundcloud.com
41,mozilla.org
42,bbc.co.uk
43,yandex.ru
44,myspace.com
45,google.de
46,addthis.com
47,nih.gov
48,theguardian.com
49,google.co.jp
50,cnn.com
51,stumbleupon.com
52,gravatar.com
53,digg.com
54,addtoany.com
55,creativecommons.org
56,paypal.com
57,yelp.com
58,imdb.com
59,huffingtonpost.com
60,feedburner.com
61,issuu.com
62,wixsite.com
63,wix.com
64,dropbox.com
65,forbes.com
66,miibeian.gov.cn
67,amazonaws.com
68,google.co.uk
69,washingtonpost.com
70,bluehost.com
71,etsy.com
72,go.com
73,msn.com
74,wsj.com
75,ameblo.jp
76,archive.org
77,slideshare.net
78,e-recht24.de
79,weibo.com
80,fc2.com
81,eventbrite.com
82,parallels.com
83,doubleclick.net
84,mail.ru
85,sourceforge.net
86,amazon.co.uk
87,telegraph.co.uk
88,ebay.com
89,amzn.to
90,livejournal.com
91,51.la
92,free.fr
93,yahoo.co.jp
94,dailymail.co.uk
95,reuters.com
96,taobao.com
97,wikimedia.org
98,amazon.de
99,typepad.com
100,hatena.ne.jp
101,bloomberg.com
102,elegantthemes.com
103,eepurl.com
104,usatoday.com
105,about.com
106,medium.com
107,macromedia.com
108,xing.com
109,bing.com
110,time.com
111,www.gov.uk
112,google.it
113,cdc.gov
114,tripadvisor.com
115,cpanel.net
116,amazon.co.jp
117,npr.org
118,harvard.edu
119,bbb.org
120,aol.com
121,constantcontact.com
122,latimes.com
123,icio.us
124,list-manage.com
125,webs.com
126,opera.com
127,beian.gov.cn
128,vkontakte.ru
129,blogspot.co.uk
130,live.com
131,bandcamp.com
132,apache.org
133,bbc.com
134,businessinsider.com
135,dailymotion.com
136,cpanel.com
137,disqus.com
138,behance.net
139,mit.edu
140,rambler.ru
141,gnu.org
142,sina.com.cn
143,spotify.com
144,joomla.org
145,google.es
146,line.me
147,wired.com
148,github.io
149,stanford.edu
150,googleusercontent.com
151,kickstarter.com
152,guardian.co.uk
153,imgur.com
154,google.fr
155,goodreads.com
156,nasa.gov
157,rakuten.co.jp
158,surveymonkey.com
159,delicious.com
160,independent.co.uk
161,whatsapp.com
162,one.com
163,photobucket.com
164,ted.com
165,themeforest.net
166,homestead.com
167,google.ca
168,cnet.com
169,1und1.de
170,deviantart.com
171,scribd.com
172,jiathis.com
173,domainname.de
174,ca.gov
175,shopify.com
176,plesk.com
177,wiley.com
178,who.int
179,un.org
180,buzzfeed.com
181,theatlantic.com
182,barnesandnoble.com
183,sakura.ne.jp
184,pbs.org
185,nationalgeographic.com
186,getpocket.com
187,blogspot.com.es
188,nature.com
189,networksolutions.com
190,webmd.com
191,foxnews.com
192,cbsnews.com
193,techcrunch.com
194,booking.com
195,php.net
196,berkeley.edu
197,cloudfront.net
198,sciencedirect.com
199,ibm.com
200,a8.net
201,163.com
202,nbcnews.com
203,skype.com
204,mashable.com
205,cornell.edu
206,naver.com
207,domainretailing.com
208,usda.gov
209,wp.me
210,4.cn
211,springer.com
212,whitehouse.gov
213,squarespace.com
214,phoca.cz
215,change.org
216,cbc.ca
217,ft.com
218,epa.gov
219,secureserver.net
220,enable-javascript.com
221,meetup.com
222,noaa.gov
223,cnbc.com
224,nps.gov
225,phpbb.com
226,wikia.com
227,usnews.com
228,google.nl
229,myshopify.com
230,mapquest.com
231,trustpilot.com
232,domainactive.co
233,uol.com.br
234,foursquare.com
235,ow.ly
236,google.com.br
237,telegram.me
238,sohu.com
239,loc.gov
240,economist.com
241,fda.gov
242,irs.gov
243,themegrill.com
244,wufoo.com
245,geocities.jp
246,bigcartel.com
247,livedoor.jp
248,chicagotribune.com
249,dribbble.com
250,hp.com
251,doi.org
252,prnewswire.com
253,ed.gov
254,ok.ru
255,newyorker.com
256,abc.net.au
257,bizjournals.com
258,slate.com
259,houzz.com
260,umblr.com
261,fb.com
262,vice.com
263,xinhuanet.com
264,engadget.com
265,nifty.com
266,t.me
267,marriott.com
268,clickbank.net
269,globo.com
270,list-manage1.com
271,histats.com
272,state.gov
273,cbslocal.com
274,unesco.org
275,google.com.au
276,umich.edu
277,hostnet.nl
278,google.pl
279,house.gov
280,youku.com
281,theverge.com
282,ocn.ne.jp
283,storify.com
284,sogou.com
285,goo.ne.jp
286,fortune.com
287,wunderground.com
288,aboutcookies.org
289,rs6.net
290,columbia.edu
291,namejet.com
292,gofundme.com
293,oracle.com
294,yale.edu
295,psychologytoday.com
296,ifeng.com
297,washington.edu
298,indiatimes.com
299,samsung.com
300,upenn.edu
301,athemes.com
302,1and1.com
303,studiopress.com
304,hilton.com
305,debian.org
306,wikihow.com
307,fbcdn.net
308,fb.me
309,senate.gov
310,fastcompany.com
311,mailchimp.com
312,alibaba.com
313,youronlinechoices.com
314,android.com
315,researchgate.net
316,ustream.tv
317,dedecms.com
318,zdnet.com
319,home.pl
320,exblog.jp
321,cryoutcreations.eu
322,entrepreneur.com
323,drupal.org
324,sagepub.com
325,tripadvisor.co.uk
326,businesswire.com
327,shinystat.com
328,umn.edu
329,jugem.jp
330,hbr.org
331,sciencemag.org
332,ftc.gov
333,1688.com
334,google.co.in
335,wisc.edu
336,ucla.edu
337,inc.com
338,psu.edu
339,loopia.se
340,visma.com
341,dreamhost.com
342,mijndomein.nl
343,loopia.com
344,ox.ac.uk
345,scientificamerican.com
346,utexas.edu
347,stackoverflow.com
348,1and1.fr
349,sedo.com
350,mozilla.com
351,worldbank.org
352,hubspot.com
353,census.gov
354,arstechnica.com
355,mysql.com
356,si.edu
357,allaboutcookies.org
358,usgs.gov
359,intel.com
360,amazon.fr
361,shop-pro.jp
362,tandfonline.com
363,aliyun.com
364,office.com
365,alexa.com
366,zendesk.com
367,nhk.or.jp
368,colorlib.com
370,cisco.com
371,google.ru
372,cam.ac.uk
373,hibu.com
374,hollywoodreporter.com
375,admin.ch
376,example.com
377,hhs.gov
378,twitch.tv
379,networkadvertising.org
380,nyu.edu
381,teamviewer.com
382,nazwa.pl
383,variety.com
384,netflix.com
385,box.com
386,prestashop.com
387,bls.gov
388,bmj.com
389,uchicago.edu
390,wsimg.com
391,www.nhs.uk
392,eventbrite.co.uk
393,opensource.org
394,zenfolio.com
395,blogspot.jp
396,usc.edu
397,va.gov
398,cmu.edu
399,oecd.org
400,ieee.org
401,mlb.com
402,ename.com.cn
403,usa.gov
404,steampowered.com
405,google.ch
406,redcross.org
407,bund.de
408,thehill.com
409,dictionary.com
410,360.cn
411,hostgator.com
412,icann.org
413,dot.gov
414,adweek.com
415,fao.org
416,sun.com
417,iubenda.com
418,gesetze-im-internet.de
419,tmall.com
420,today.com
421,nginx.org
422,xiti.com
423,venturebeat.com
424,snapchat.com
425,ietf.org
426,symantec.com
427,mhlw.go.jp
428,duke.edu
429,japanpost.jp
430,giphy.com
431,netscape.com
432,justgiving.com
433,sec.gov
434,illinois.edu
435,att.com
436,squareup.com
437,aboutads.info
438,gpo.gov
439,tucowsdomains.com
440,domainnameshop.com
441,plos.org
442,elsevier.com
443,biomedcentral.com
444,reference.com
445,oup.com
446,ssa.gov
447,libsyn.com
448,windowsphone.com
449,ny.gov
450,bigcommerce.com
451,oreilly.com
452,domeneshop.no
453,googleapis.com
454,artisteer.com
455,arxiv.org
456,thenextweb.com
457,google.be
458,gotowebinar.com
459,deloitte.com
460,blackberry.com
461,w3schools.com
462,dol.gov
463,python.org
464,siteorigin.com
465,ewebdevelopment.com
466,moz.com
467,warnerbros.com
468,justice.gov
469,quantcast.com
470,dhs.gov
471,java.com
472,fcc.gov
473,congress.gov
474,g.co
475,playstation.com
476,iso.org
477,opencart.com
478,eff.org
479,ucl.ac.uk
480,moodle.org
481,web.de
482,unsplash.com
483,msdn.com
484,nist.gov
485,unicef.org
486,mlit.go.jp
487,canada.ca
488,bitbucket.org
489,azurewebsites.net
490,nginx.com
491,dmca.com
492,etracker.de
493,mynavi.jp
494,aarp.org
